הֶעָרָה	comment, remark
הוֹרָאָה	order, instruction; teaching
הוֹדָעָה	message, notice

נָחָשׁ	snake
לָחַשׁ	he whispered
חָשַׁשׁ	he feared
חַלָּשׁ	weak

שֵׂיעָר	hair
שְׁאָר	rest, remainder
שַׁעַר	gate; exchange rate
שִׁיעֵר	he assumed
שָׂעִיר	hairy

היכן	where?
אימתי	when?
כיצד	how?
מדוע	why?

לְשַׁחְרֵר	to release, free
לִשְׂרוֹד	to survive

לְהַקְלִיד	to type
לִלְחוֹץ	to press (button), click
לְהַקִּישׁ	to click, tap
לְהָזִין	to enter, feed, input

תְּנוּעָה	traffic, movement
תְּאוּנָה	accident (road)

לְשַׁדֵּרֵג	to upgrade
לְשַׁפֵּר	to improve, enhance
לְשַׁחְזֵר	to restore, reconstruct
לְחַדֵּשׁ	to renew, innovate, resume
לְשַׁקֵּם	to rehabilitate
לְשַׁפֵּץ	to renovate, refurbish

לְהַצִּיעַ	to offer, suggest, propose
לְהַמְלִיץ	to recommend, suggest, advise
לְיַעֵץ	to give advice
לְהִתְייַעֵץ	to seek advice

עֵצָה	advice
הַצָּעָה	proposal
הַמְלָצָה	recommendation
מוֹעָצָה	council

רְשׁוּת	permission; authority
הֶיתֵּר	permit (official)
אִישּׁוּר	approval, authorization
רִישָּׁיוֹן	license, permit

לִרְשׁוֹם	to write down, to register
לְהֵירָשֵׁם	to register, to enroll
לְהַרְשִׁים	to impress
לְהִתְרַשֵּׁם	to be impressed

רְשִׁימָה	list, record, entry
רָשׁוּם	registered, written
רִישׁוּם	registration, record
הַרְשָׁמָה	registration, enrollment
רוֹשֶׁם	impression

מַרְשִׁים	impressive
רִשְׁמִי	official
תַּרְשִׁים	chart, diagram, graph
מִרְשָׁם	prescription

חָלָל	space, outer space, empty space
מֶרְחָב	open/wide space
אֵזוֹר	region, area, zone
רוֹבַע	district, quarter
שֶׁטַח	territory, land, surface
מִגזָר	sector (social, economic)
מָחוֹז	district, province
מִתחָם	complex, enclosed area
תְּחוּם	domain, boundary, field
רֶוַוח	space, gap, margin
פֶּלֶךְ	district, region (old-fashioned)
זִירָה	arena, scene, field

לָגֶשֶׁת	to approach; access
לְהַשִּׂיג	to obtain, achieve (goal)
לְהַגִּישׁ	to submit, serve (food), file (complaint)

לְהַשְׁקִיעַ	to invest; sink, submerge
לְהַשְׁפִּיעַ	to influence, affect, impact
לְהַשְׁמִיעַ	to make sounds, play music
לְהַפְתִּיעַ	to surprise
לְהַפְרִיעַ	to disturb

לְטַפֵּס	to climb
לִתְפּוֹס	to catch; comprehend

לַעֲקוֹב	to follow, track
לִרְדּוֹף	to chase, pursue
לַעֲקוֹף	to bypass, overtake
לַעֲבוֹר	to pass, cross, go through
לַחֲצוֹת	to cross, cut across
לַחֲלוֹף	to pass by

לְהוֹדוֹת	to admit
לְהוֹדִיעַ	to inform

לְנַחֵשׁ	to guess
לְהַנִּיחַ	to assume, to suppose
לְדַמְיֵן	to imagine
לְשַׁעֵר	to suppose, to estimate
לְהַעֲרִיךְ	to estimate

עוֹד לֹא	not yet
כְּבָר לֹא	no longer
לֹא עוֹד	no more (slogan-like)
עַד כֹּה	so far, up to now
עַד לִפְנֵי	until, up to (a past point)
עַד לָאַחֲרוֹנָה	until recently
לִפְנֵי כֵּן	before that, previously
לְאַחַר מִכֵּן	later, then
עוֹד מְעַט	soon, shortly
מִדֵּי פַּעַם	occasionally
תּוֹךְ כְּדֵי	during; while; in the process
אִם כִּי	although, even though
אַף עַל פִּי שֶׁ־	although
אַף עַל פִּי כֵן	nevertheless
בְּכָל זֹאת	nevertheless; still
עִם זֹאת	however; that said
אֶלָּא אִם כֵּן	unless
כָּל עוֹד	as long as
בֵּין אִם	whether (…or…)
יֵתֶר עַל כֵּן	moreover, furthermore
גַּם כֵּן	also, as well
כְּמוֹ כֵן	also; likewise
וְעַד כַּמָּה	and how (much), to what extent

לַחְנוֹת	to park car
לֵיהָנוֹת	to enjoy

לִצְחוֹק	to laugh
לִצְעוֹק	to shout, yell
לִצְרוֹחַ	to scream
לִזְעוֹק	to cry out, call out (public/dramatic)

לְהוֹסִיף	to add
לֶאֱסוֹף	to collect

הֲסָרָה	removal
חוֹסֶר	lack, absence

לִשְׁווֹת	to be equal, match
לְהַשְׁווֹת	to compare; make equal

בֶּטַח	certainly, of course
בִּיטּוּחַ	insurance
בָּטוּחַ	sure, secure

מֵידָע	information
מִידָּה	measure, scale, degree
מַדָּד	index
מַדִּים	uniform
מֵמַד	dimension
מוֹדָעָה	advertisement, announcement
יֶדַע	knowledge
מַדָּע	science

מָצוּי	common, commonly found
נָפוֹץ	widespread, prevalent
רוֹוֵחַ	popular, prevailing
שָׁכִיחַ	frequent, habitual
רָגִיל	usual, ordinary
סָדִיר	regular, systematic
תָּדִיר	frequent (formal)
תָכוּף	recurring, frequent
נָדִיר	rare, uncommon
אִי רְגִיל	unusual, out of the ordinary
חָרִיג	abnormal, exceptional (negative)
יוֹצֵא דּוֹפֶן	exceptional, extraordinary
יָחִיד בְּסוּגוֹ	one of a kind
חָסַר תַּקְדִּים	unprecedented

סָבִיר	likely, probable; reasonable
עָשׂוּי	likely (neutral or positive)
עָלוּל	likely (negative or undesirable)
צָפוּי	expected (anticipated outcome)
אָמוּר	expected (obligation)

לְבַלְבֵּל	to confuse
לְבַזְבֵּז	to waste
לְפַסְפֵּס	to miss (train)

מַאֲמָץ	effort
אַמִּיץ	courageous,brave
אוֹמֶץ	courage
אִימּוּץ	adoption

מַחְסוֹם	barrier, blockade, obstacle
מַחְסָן	warehouse, storage

לְהָכִיל	to contain (pages)
לִכְלוֹל	to include, to comprise (team members)
לְהַכְלִיל	to generalize, to incorporate (perpectives)

מְאוּחָר	late
מְאוּשָּׁר	happy
מְגוּוָן	diverse, varied
מוּתָּר	permitted
מוּזָר	weird, strange
מַדְהִים	amazing, incredible
מְדוּיָּיק	precise, exact, accurate
מְהַנֶה	enjoyable
מוּגזָם	exaggerated
מוּגָן	protected
מוּחלָט	absolute, total
מוּטְעֶה	wrong, erroneous
מוּכְשָׁר	talented, competent, capable, gifted
מוּפתָע	surprised
מוּצְלָח	successful
מוּקדָשׁ	dedicated
מוּקלָט	recorded
מוּרְכָּב	complex, complicated
מוּשְׁלָם	perfect, ideal, flawless
מְחוּלָּק	divided
מְטוֹרָף	crazy, insane
מְיוּשָׁן	outdated, obsolete
מְיוּתָּר	unnecessary, superfluous, redundant
מְכוּבָּד	respectable
מַלְהִיב	exciting
מַלְחִיץ	stressful
מְמוּצָּע	average, median
מְמוּשָׁך	long, prolonged
מְסוּבָּך	complex
מְסוּכָּן	dangerous
מְסוּפָּק	satisfied
מְסוּרבָּל	cumbersome, awkward
מְפוֹאָר	luxurious; fancy
מְפוֹרָט	detailed, itemized
מְפוּתָח	developed
מַפְחִיד	frightening, scary
מְצוֹרָף	attached (to email)
מְצַעֵר	unfortunate, regrettable, sad
מַקְבִּיל	parallel; comparable
מְקוּבָּל	acceptable, popular
מְקוָּוּן	online
מְקוֹרִי	original
מַקְסִים	charming, lovely
מְרַגֵשׁ	exciting, emotional
מְרוּבָּע	square (adj)
מְרוּצֶּה	satisfied
מַרְשִׁים	impressive
מַשְׂכִּיל	educated
מְשַׁעְשֵׁעַ	entertaining, amusing
מִשְׁתַּנֶּה	variable
מִתְחַשֵּׁב	considerate
מִתְמַשֵּׁךְ	continuous, ongoing
נִבְחָר	selected, chosen
נִדְרָשׁ	required, expected
נוֹתָר	remained, left

מֶדְחֵף	propeller; impeller
מַדְחֵס	compressor
מַשְׁאַבָּה	pump
מְסַנֵּן	filter

חָטִיף	snack
טֵירוּף	insanity
כָּנָף	wing
כָּתֵף	shoulder
מַגָּף	boot
מַדָּף	shelf
נְגִיף	virus
טֶרֶף	prey
מָנוֹף	crane, lever
הֶיקֵּף	perimeter
נֶשֶׁף	party, ball, prom
סְנִיף	branch, office (of a bank)
סְעִיף	paragraph; clause (law)
עוֹדֶף	excess, surplus
עָנָף	branch (industry), sector
צָעִיף	scarf
רָצִיף	platform (railroad)
רֶצֶף	sequence; continuity

סִיכּוּן	risk
סַכָּנָה	danger

מְאוּיָּשׁ	manned, staffed
מַברִיק	brilliant (idea), shiny, glowing
מְגוּחָךְ	ridiculous, absurd
מְדוּמֶה	imaginary
מַהוּתִי	essential, substantial, fundamental
מְהֵימָן	credible, reliable, trustworthy
מוּבְטָל	unemployed
מוּגבָּל	limited, restricted
מוּגדָר	defined
מוּדגָשׁ	bold, highlightened
מוֹעִיל	helpful, useful, effective
מוּפְשָׁט	abstract
מוּקָף	surrounded, encircled
מוּרְגָשׁ	noticeable, felt
מוּשׁחָת	corrupt
מוֹשֵׁך	attractive
מוּתְקָן	installed
מְזוּהֶה	identified
מְחוֹנָן	gifted
מְטוּגָּן	fried
מִידַּבֵּק	contageous
מְיוּחָל	long-awaited
מְיוּמָּן	skilled
מֵיטָב	the best, optimum
מִייָּדִי	immediate
מִישׁוֹרִי	flat, plane (adj.)
מְלוּוֶה	accompanied
מְנוּמָּס	polite
מְסוּדָר	arranged
מִסְחָרִי	commercial
מְסַכֵּן	poor, unfortunate, miserable
מַסְרִיחַ	smelly
מְעוּנָן	cloudy
מְעוּרָב	involved
מַעֲשִׁיר	enriching
מְפוּלָג	divided
מְפוּצָל	split
מְפוֹרָשׁ	explicit
מָצוּי	common
מְצוּיָּד	equiped
מַקִּיף	comprehensive
מִקְרִי	accidental
מַרהִיב	spectacular, stunning
מְרוּחָק	remote, distant
מְרוּמָּז	implicit, subtle, implied
מְרוּשָּׁע	evil, wicked, offensive
מָרִיר	bitter
מְשׁוּמָשׁ	used, secondhand
מְשׁוּנֶּה	strange, odd
מְשׁוֹעָר	estimated, supposed
מְשׁוּפָּר	improved
מְשַׂמֵחַ	joyful, happy, glad
מִשְׁנִי	secondary, collateral
מְשַׁקֵּף	reflecting
מָתוּן	moderate, mild
מְתוּקָן	corrected
מְחוּדָד	pointy, pointed
מַטְעֶה	misleading, deceiving